StudentID,FirstPoint,SecondPoint,ThirdPoint
0,0.65,0.9,0.69
1,0.58,0.68,0.67
2,0.83,0.57,0.98
3,0.91,0.5,0.52
4,0.88,0.59,0.72
5,0.69,0.59,0.6
6,0.78,0.5,0.99
7,0.86,0.59,0.94
8,0.88,0.65,0.68
9,0.64,0.5,0.69
10,0.58,0.92,0.84
11,0.73,0.57,0.6
12,0.92,0.91,0.67
13,0.64,0.78,0.63
14,0.75,0.78,0.66
15,0.96,0.58,0.59
16,0.67,0.6,0.66
17,0.74,0.79,0.71
18,0.78,0.79,0.81
19,0.76,0.71,0.53
20,0.99,0.68,0.57
21,0.79,0.82,0.59
22,0.68,0.65,0.51
23,0.62,0.78,0.69
24,0.93,0.63,0.72
25,0.85,0.61,0.82
26,0.78,0.92,0.57
27,0.59,0.97,0.9
28,0.53,0.85,0.63
29,0.63,0.96,0.78
30,0.8,0.66,0.7
31,0.64,0.66,0.59
32,0.56,0.97,0.96
33,0.56,0.77,0.94
34,0.58,0.55,0.82
35,0.97,0.81,0.65
36,1,0.93,0.68
37,1,0.98,0.79
38,0.96,0.9,0.72
39,0.67,0.75,0.98
40,0.97,0.55,0.7
41,0.73,0.83,0.61
42,1,0.79,0.98
43,0.63,0.79,0.65
44,0.86,0.72,0.65
45,0.64,0.5,0.92
46,0.58,0.56,0.54
47,0.98,0.63,0.52
48,0.6,0.81,0.69
49,0.91,0.68,0.76
50,0.88,0.89,0.71
51,0.99,0.59,0.71
52,0.74,0.85,0.72
53,0.7,0.97,0.52
54,0.68,0.87,0.64
55,0.53,0.63,0.75
56,0.63,0.82,0.89
57,0.8,0.59,0.68
58,0.93,0.99,0.93
59,0.67,0.63,0.52
60,0.93,0.59,0.6
61,0.71,0.75,0.91
62,0.94,0.87,0.62
63,0.95,0.91,0.65
64,0.7,0.88,0.6
65,0.52,0.8,0.77
66,0.89,0.56,0.67
67,0.94,0.77,0.87
68,0.87,0.58,0.8
69,0.52,0.56,0.6
70,0.79,0.56,0.72
71,0.7,0.77,0.88
72,0.93,0.97,0.61
73,0.74,0.59,0.76
74,0.62,0.69,0.92
75,0.74,0.59,0.71
76,0.58,0.91,0.69
77,0.65,0.79,0.57
78,0.85,1,0.82
79,0.73,0.84,0.66
80,0.6,0.92,0.81
81,0.51,0.65,0.84
82,0.94,1,0.6
83,0.72,0.6,0.84
84,0.65,0.64,0.97
85,0.91,0.81,0.58
86,0.95,0.63,0.99
87,0.58,0.94,0.65
88,0.92,0.64,0.77
89,0.64,0.86,0.78
90,0.56,0.69,0.63
91,0.96,0.63,0.68
92,0.96,0.61,0.54
93,0.57,0.8,0.6
94,0.61,0.86,0.81
95,0.85,1,0.64
96,0.6,0.95,0.68
97,0.73,0.78,0.7
98,0.67,0.52,0.98
99,0.65,0.59,0.51
100,0.56,0.79,0.64
101,0.82,0.66,0.91
102,0.71,0.7,0.51
103,0.79,0.96,0.7
104,0.53,0.88,0.84
105,0.89,0.97,0.57
106,0.85,0.56,0.64
107,0.63,0.54,0.92
108,0.6,0.83,0.91
109,0.93,0.78,0.6
110,0.7,0.8,0.51
111,0.52,0.5,0.5
112,0.97,0.79,0.7
113,0.9,0.64,0.79
114,0.62,0.81,0.99
115,0.98,0.7,0.91
116,0.86,0.79,0.55
117,0.9,0.8,0.53
118,0.87,0.94,0.75
119,0.73,0.72,0.83
120,1,0.78,0.93
121,0.91,0.59,0.65
122,0.69,0.51,0.87
123,0.84,0.92,0.68
124,0.88,0.96,0.92
125,0.86,0.5,0.73
126,0.93,0.62,0.63
127,0.5,0.56,0.99
128,0.54,0.8,1
129,0.98,0.65,0.57
130,0.76,0.74,0.56
131,0.87,0.9,0.87
132,0.86,0.72,0.72
133,0.84,0.79,0.68
134,0.54,0.52,0.88
135,0.88,0.52,0.85
136,0.61,0.51,0.94
137,0.51,0.8,0.6
138,0.7,1,0.72
139,0.95,0.87,0.79
140,0.66,0.71,0.86
141,0.8,0.58,0.68
142,0.61,0.5,0.55
143,0.55,1,0.79
144,0.5,0.58,0.83
145,0.95,0.97,0.53
146,0.61,0.67,0.77
147,0.65,0.87,0.63
148,0.64,0.74,0.94
149,0.97,0.67,0.9
150,0.65,0.92,0.85
151,0.94,0.68,0.57
152,0.83,0.74,0.95
153,0.7,0.77,0.51
154,0.79,0.55,0.52
155,0.64,0.5,0.71
156,0.77,0.75,0.53
157,0.68,0.84,0.69
158,0.51,0.5,0.84
159,0.72,0.66,0.84
160,0.74,0.64,0.84
161,0.65,0.91,0.57
162,0.94,0.57,0.91
163,0.75,0.62,0.72
164,0.59,0.92,0.9
165,0.75,0.86,0.82
166,0.61,1,0.73
167,0.72,0.69,0.92
168,0.87,0.97,0.58
169,0.66,0.92,0.67
170,0.73,0.6,0.58
171,0.6,0.96,0.62
172,0.68,0.63,0.64
173,0.96,0.71,0.94
174,0.81,0.51,0.62
175,0.82,0.58,0.93
176,0.79,0.76,0.65
177,0.52,0.61,0.67
178,0.6,0.51,0.96
179,0.92,0.79,0.94
180,1,0.78,0.66
181,0.74,0.51,0.52
182,0.64,0.99,0.96
183,0.78,0.57,0.72
184,0.67,0.66,0.79
185,0.8,0.92,0.67
186,0.79,0.55,0.89
187,0.66,0.87,0.65
188,0.51,0.71,1
189,0.92,0.5,0.94
190,0.67,0.76,0.85
191,0.71,0.96,0.93
192,0.77,0.56,1
193,0.6,0.67,0.59
194,0.97,0.51,0.69
195,0.94,0.85,0.95
196,0.88,0.8,0.6
197,0.78,0.63,0.74
198,0.55,0.84,0.92
199,0.5,0.72,0.81
200,0.52,0.72,0.99
201,0.51,0.61,0.81
202,0.88,0.97,0.7
203,0.86,0.53,0.85
204,0.67,0.68,0.88
205,0.79,0.69,0.85
206,0.96,0.58,0.86
207,0.54,0.53,0.7
208,0.84,0.89,0.63
209,0.6,0.65,0.62
210,0.51,0.76,0.85
211,0.69,0.57,0.95
212,0.6,0.95,0.91
213,0.88,0.55,0.89
214,0.75,0.52,0.77
215,0.75,0.6,0.95
216,0.87,0.76,0.64
217,0.56,0.55,0.63
218,0.95,0.99,0.69
219,0.79,0.68,0.72
220,0.68,0.77,0.81
221,0.57,0.84,0.77
222,0.5,0.99,0.61
223,0.93,0.68,0.74
224,0.95,0.58,0.53
225,0.98,0.79,0.5
226,0.93,0.58,0.78
227,0.69,0.74,0.9
228,0.99,0.96,0.71
229,0.71,0.75,0.59
230,0.76,0.82,0.77
231,0.68,0.7,0.79
232,0.58,0.67,0.69
233,0.5,0.75,0.62
234,0.84,0.95,0.57
235,0.9,0.62,0.98
236,0.6,0.97,0.69
237,0.69,0.86,0.59
238,0.94,1,0.52
239,0.91,0.59,0.88
240,0.55,0.79,0.74
241,0.51,0.66,0.87
242,0.98,0.76,0.88
243,0.74,0.9,0.62
244,0.81,0.93,0.83
245,0.66,0.85,0.8
246,0.82,0.58,0.84
247,0.74,0.61,0.78
248,0.9,0.56,0.97
249,0.67,0.74,0.71
250,0.76,0.67,0.58
251,0.81,0.95,0.97
252,0.89,0.82,0.78
253,0.71,0.93,0.86
254,0.59,0.86,0.57
255,0.57,0.88,0.93
256,0.77,0.78,0.64
257,0.73,0.59,0.5
258,0.54,0.81,0.67
259,0.97,0.62,0.59
260,0.9,0.81,0.51
261,0.67,0.99,0.73
262,0.53,0.5,0.98
263,0.87,0.78,0.53
264,0.52,0.6,0.65
265,0.98,0.65,0.75
266,0.7,0.83,0.69
267,0.53,0.91,0.97
268,0.56,0.52,0.57
269,0.57,0.76,0.63
270,0.79,0.92,0.7
271,0.68,0.81,0.62
272,0.84,0.92,0.88
273,0.85,0.53,0.88
274,0.96,0.9,0.5
275,0.61,0.71,0.99
276,0.85,0.56,0.66
277,0.93,0.76,0.79
278,0.91,0.87,0.9
279,0.55,0.6,0.96
280,0.65,0.97,0.74
281,0.84,0.57,0.86
282,0.83,0.85,0.79
283,0.53,0.63,0.73
284,0.88,0.86,0.8
285,0.82,0.57,0.5
286,0.97,0.96,0.82
287,0.59,0.72,0.7
288,0.98,0.87,0.66
289,0.91,0.77,0.95
290,0.72,0.79,0.81
291,0.92,0.69,0.56
292,0.63,0.61,0.82
293,0.64,0.78,0.87
294,0.69,0.82,0.94
295,0.94,0.54,0.91
296,1,0.58,0.79
297,0.9,0.58,0.65
298,0.64,0.56,0.75
299,0.54,0.87,0.71
300,0.7,0.93,0.57
301,0.85,0.82,0.85
302,0.92,0.97,0.66
303,0.73,0.68,0.97
304,0.69,0.82,0.68
305,0.96,0.9,0.91
306,0.76,0.54,0.83
307,0.75,0.91,0.69
308,0.65,0.83,0.7
309,0.66,0.78,0.63
310,0.82,0.59,0.75
311,0.61,0.94,0.85
312,0.79,0.84,1
313,0.58,0.51,0.58
314,0.74,0.77,0.9
315,0.83,0.7,0.76
316,0.97,0.69,0.66
317,0.85,0.78,0.82
318,0.89,0.95,0.51
319,0.88,0.69,1
320,0.64,0.76,0.69
321,0.53,0.91,0.59
322,0.72,0.57,0.88
323,0.83,0.66,0.55
324,0.91,0.68,0.53
325,0.74,0.51,0.64
326,0.79,0.83,0.62
327,0.94,0.69,0.58
328,0.97,0.98,0.82
329,0.93,0.73,1
330,0.83,0.92,0.65
331,0.5,0.95,0.75
332,0.9,0.7,0.86
333,0.81,0.61,0.63
334,0.88,0.64,0.53
335,0.6,0.94,0.6
336,0.79,0.64,0.94
337,0.88,0.59,0.86
338,0.88,0.7,0.56
339,0.6,0.57,0.94
340,0.78,0.79,0.85
341,0.89,1,0.75
342,0.91,0.91,0.73
343,0.78,0.85,0.81
344,0.78,0.99,0.72
345,1,0.56,0.55
346,0.55,0.86,0.53
347,0.71,0.63,0.58
348,0.55,0.96,0.82
349,0.79,0.62,0.74
350,0.68,0.8,0.63
351,0.93,0.52,0.82
352,0.78,1,0.64
353,0.78,0.7,0.53
354,0.87,0.51,0.79
355,0.62,0.6,0.6
356,0.63,0.89,0.64
357,0.51,0.54,0.71
358,0.9,0.56,0.66
359,0.76,0.84,0.54
360,0.93,0.61,0.78
361,0.99,0.59,0.55
362,0.68,0.86,0.97
363,0.91,0.71,0.57
364,0.92,0.77,0.66
365,0.5,0.85,0.61
366,0.79,0.93,0.86
367,0.71,0.65,0.74
368,0.6,0.67,0.75
369,0.92,0.52,0.96
370,0.65,0.51,0.65
371,0.59,0.86,0.58
372,0.76,0.88,0.93
373,0.74,0.95,0.74
374,0.64,0.73,0.67
375,0.57,0.6,0.77
376,0.55,0.89,0.72
377,0.55,0.97,0.91
378,0.69,0.71,0.96
379,0.53,0.89,0.92
380,0.8,0.76,0.83
381,0.5,0.75,0.69
382,0.92,0.82,0.92
383,0.57,0.75,0.97
384,0.68,0.55,0.99
385,0.61,0.57,0.93
386,0.57,0.53,0.56
387,0.98,0.87,0.63
388,0.74,0.6,0.54
389,0.75,0.91,0.64
390,0.62,0.72,1
391,0.5,0.94,0.68
392,0.92,0.64,0.98
393,0.98,0.66,0.79
394,0.86,0.98,0.64
395,0.75,0.87,0.92
396,0.93,0.57,0.64
397,0.53,0.97,0.85
398,0.86,0.83,0.9
399,0.69,0.76,0.65
400,0.65,0.66,0.92
401,0.77,0.95,0.52
402,0.98,0.67,0.61
403,0.8,0.7,0.93
404,0.96,0.59,0.88
405,0.78,0.62,0.89
406,1,1,0.74
407,0.63,0.83,0.83
408,1,0.59,0.76
409,0.64,0.65,0.61
410,0.79,0.72,0.88
411,0.83,0.83,1
412,0.88,0.58,0.53
413,0.61,0.78,0.69
414,0.8,0.62,0.88
415,0.72,0.58,0.88
416,0.98,0.57,0.7
417,0.5,0.7,0.77
418,0.91,0.51,0.84
419,0.58,0.77,0.85
420,0.77,0.83,0.51
421,1,0.51,0.99
422,0.54,0.62,0.76
423,0.88,0.91,0.54
424,0.86,0.88,0.71
425,0.54,0.83,0.7
426,0.95,0.78,0.51
427,0.88,0.67,0.57
428,0.92,0.78,0.51
429,0.61,0.92,0.82
430,0.66,0.79,0.81
431,0.68,0.84,0.96
432,0.67,0.8,0.61
433,0.9,0.67,0.96
434,0.61,0.59,0.67
435,0.66,0.65,0.83
436,0.56,0.87,0.69
437,0.63,0.63,1
438,0.84,0.89,0.65
439,0.94,0.58,0.73
440,0.97,0.94,0.71
441,0.95,0.72,0.61
442,0.73,0.67,0.53
443,0.76,0.87,0.52
444,0.59,0.55,0.61
445,0.55,0.77,0.57
446,0.91,0.76,0.62
447,0.69,0.54,0.55
448,0.63,0.52,0.65
449,0.82,0.84,0.95
450,0.8,0.73,0.72
451,0.88,0.93,0.73
452,0.75,0.67,0.88
453,0.56,0.93,0.98
454,0.79,0.8,1
455,0.66,0.54,0.58
456,0.88,0.78,0.62
457,0.57,0.53,0.83
458,0.6,0.78,0.89
459,0.65,0.82,0.7
460,0.96,0.92,0.84
461,0.58,0.96,0.64
462,0.81,0.71,0.62
463,0.88,0.81,0.59
464,0.7,0.84,0.83
465,0.65,0.9,0.75
466,0.56,0.97,0.98
467,0.57,0.94,0.56
468,0.83,0.72,0.7
469,0.89,0.78,0.65
470,0.84,0.6,0.86
471,0.67,0.6,0.5
472,0.64,0.7,0.84
473,0.86,0.85,0.84
474,0.96,1,0.98
475,0.52,0.88,0.69
476,1,0.96,0.88
477,0.64,0.59,0.85
478,0.72,0.89,0.99
479,0.77,0.76,0.74
480,0.95,0.93,0.93
481,0.98,0.54,0.71
482,0.74,0.52,0.74
483,0.83,0.5,0.7
484,0.91,0.71,0.62
485,0.64,0.61,0.94
486,0.58,0.8,0.85
487,0.5,0.89,0.82
488,0.77,0.69,0.5
489,0.5,0.96,0.72
490,0.52,0.87,0.94
491,0.6,0.92,0.93
492,0.91,0.99,0.96
493,0.77,0.79,0.85
494,0.96,0.67,0.95
495,0.67,0.74,0.89
496,0.73,0.58,0.77
497,0.54,0.69,0.96
498,0.89,0.95,0.53
499,0.6,0.7,0.85
500,0.7,0.73,0.57
501,0.51,0.8,0.64
502,0.76,0.8,0.79
503,0.69,0.73,0.62
504,0.98,0.81,0.51
505,0.5,0.54,0.72
506,0.88,0.6,0.96
507,0.62,0.78,0.88
508,0.96,0.98,0.68
509,0.98,0.71,0.98
510,0.9,0.8,0.79
511,0.61,0.57,0.55
512,0.77,0.95,0.88
513,0.81,0.92,0.94
514,0.59,0.53,0.85
515,0.64,0.57,0.88
516,0.95,0.89,0.9
517,0.82,0.73,0.6
518,0.89,0.58,0.96
519,0.7,0.56,0.82
520,0.96,0.78,0.59
521,0.82,0.8,0.93
522,0.84,0.87,0.74
523,0.97,0.73,0.59
524,0.84,0.57,0.68
525,0.52,0.52,0.75
526,0.52,0.81,0.91
527,0.8,0.53,0.82
528,0.57,0.58,0.57
529,0.69,0.72,0.99
530,0.6,0.57,0.89
531,0.55,0.85,0.63
532,0.85,0.77,0.74
533,0.93,0.81,0.7
534,0.63,0.99,0.66
535,0.81,0.98,0.66
536,0.92,0.87,0.55
537,0.71,0.67,0.75
538,0.92,0.66,0.75
539,0.77,0.75,0.72
540,0.85,0.64,0.65
541,0.75,0.87,0.65
542,0.71,0.79,0.72
543,0.55,0.68,0.76
544,0.51,0.59,1
545,0.7,0.66,0.55
546,0.65,0.76,0.6
547,0.92,0.78,0.85
548,0.94,0.89,0.9
549,0.63,0.64,0.69
550,0.89,0.57,0.51
551,0.51,0.57,0.66
552,0.55,0.89,0.61
553,0.51,0.6,0.68
554,0.94,0.86,0.69
555,0.8,0.69,0.58
556,0.76,0.71,1
557,0.69,0.62,1
558,0.61,0.94,0.87
559,0.8,0.82,0.98
560,0.75,0.57,0.65
561,0.53,0.67,0.6
562,0.74,1,0.51
563,0.84,0.65,0.78
564,0.94,0.64,0.66
565,0.93,0.99,0.92
566,0.65,0.64,0.69
567,0.82,0.88,0.93
568,0.69,0.69,0.96
569,0.52,0.91,0.64
570,0.79,0.76,0.56
571,0.64,0.77,0.52
572,0.53,0.9,0.69
573,0.58,0.55,0.7
574,0.56,0.92,0.56
575,0.71,0.75,0.99
576,0.83,0.69,0.95
577,0.96,0.64,0.68
578,0.78,0.93,0.7
579,0.72,0.84,0.98
580,0.65,0.71,0.58
581,0.87,0.54,0.9
582,0.71,0.8,0.87
583,0.64,0.89,0.58
584,0.72,0.57,0.58
585,1,0.76,0.96
586,0.87,0.99,0.94
587,0.97,0.69,0.72
588,0.69,0.84,0.61
589,0.89,0.87,0.84
590,0.83,0.81,0.56
591,0.72,0.93,0.84
592,0.62,0.69,0.88
593,0.66,1,0.96
594,0.61,0.69,0.8
595,0.87,0.73,0.57
596,0.59,0.79,0.67
597,0.74,0.85,0.86
598,0.53,0.68,0.51
599,0.87,0.67,0.71
600,0.78,0.83,0.93
601,0.52,0.81,0.57
602,0.51,0.5,0.64
603,0.74,0.87,0.56
604,0.58,0.7,0.99
605,0.98,0.86,0.5
606,0.92,0.83,0.6
607,0.54,0.79,0.58
608,0.67,0.58,0.97
609,0.71,0.68,0.75
610,0.82,0.75,0.51
611,0.67,0.89,0.67
612,0.53,0.58,0.88
613,0.73,0.86,0.73
614,0.94,0.86,0.92
615,0.61,0.66,0.65
616,0.87,0.55,0.83
617,0.51,0.95,0.85
618,0.6,0.73,0.53
619,0.85,0.86,0.73
620,0.61,0.81,0.82
621,0.9,0.92,0.61
622,0.54,0.92,0.82
623,0.82,0.95,0.78
624,0.62,0.69,0.97
625,0.87,0.61,0.94
626,0.66,0.56,0.92
627,0.81,0.84,0.63
628,0.92,0.81,0.81
629,0.66,0.56,0.66
630,0.63,0.68,0.72
631,0.64,0.61,0.54
632,0.91,0.54,0.94
633,0.8,0.56,0.75
634,0.84,0.55,0.6
635,0.54,0.89,0.76
636,0.88,0.73,0.61
637,0.6,0.68,0.8
638,0.82,0.8,0.98
639,0.69,0.98,0.61
640,0.81,0.88,0.86
641,0.65,0.68,0.77
642,0.55,0.98,0.58
643,0.93,0.97,0.57
644,1,0.87,1
645,0.67,0.98,0.78
646,0.52,0.87,0.92
647,0.54,0.78,0.83
648,0.54,0.52,1
649,0.93,0.83,0.81
650,0.57,0.72,0.56
651,0.82,0.99,0.69
652,0.9,0.68,0.87
653,0.84,1,0.91
654,0.68,0.96,0.77
655,0.54,0.6,0.82
656,0.8,0.64,0.82
657,0.69,0.67,0.6
658,0.7,0.76,0.59
659,0.52,0.61,0.65
660,0.78,0.63,0.65
661,0.77,0.86,0.74
662,0.5,0.67,0.89
663,0.81,0.78,0.8
664,0.91,0.69,0.88
665,0.5,0.87,0.83
666,0.55,0.5,0.93
667,0.68,0.62,0.69
668,0.99,0.88,0.55
669,0.97,0.62,0.72
670,0.59,0.87,0.56
671,0.71,0.56,0.87
672,0.76,0.91,0.6
673,0.53,0.53,0.93
674,0.94,1,0.87
675,0.52,0.78,0.99
676,0.72,0.69,0.9
677,0.77,0.98,0.61
678,0.73,0.6,0.5
679,0.96,0.78,0.98
680,0.69,0.54,0.55
681,0.66,0.72,0.91
682,0.73,0.7,0.62
683,0.51,0.74,0.97
684,0.73,0.51,0.97
685,1,0.74,0.63
686,0.82,0.97,0.59
687,0.57,0.74,0.94
688,0.83,0.83,0.89
689,0.96,0.98,0.96
690,0.86,0.8,0.63
691,0.62,0.85,1
692,0.88,0.77,0.78
693,0.96,0.79,0.58
694,0.86,0.71,0.95
695,0.93,0.53,0.96
696,0.64,0.74,0.86
697,0.88,0.64,0.81
698,0.88,0.62,0.8
699,0.62,0.83,0.89
700,0.51,0.78,0.72
701,0.67,0.66,0.95
702,0.83,0.61,0.67
703,0.98,0.61,0.98
704,0.86,0.86,0.68
705,0.51,0.72,0.53
706,0.99,0.9,0.79
707,0.94,0.81,0.74
708,0.6,0.99,0.66
709,0.82,0.74,0.73
710,0.7,0.76,0.94
711,0.89,0.94,0.51
712,0.87,0.69,0.54
713,0.5,0.6,0.93
714,0.78,0.67,0.62
715,0.88,0.51,0.79
716,0.63,0.87,0.9
717,0.76,0.63,0.94
718,0.6,0.58,0.97
719,0.98,0.56,0.67
720,0.78,0.51,0.87
721,0.95,0.78,0.86
722,0.53,0.98,0.92
723,0.66,0.65,0.53
724,0.99,0.98,0.8
725,0.87,0.65,0.64
726,0.61,0.72,0.97
727,0.87,0.68,0.87
728,0.83,0.94,0.63
729,0.5,0.78,0.86
730,0.55,0.89,0.62
731,0.87,0.72,0.58
732,0.55,0.83,0.9
733,0.77,0.85,0.54
734,0.87,0.98,0.72
735,0.87,0.77,0.65
736,0.63,0.74,0.94
737,0.82,0.87,0.84
738,0.71,0.91,0.84
739,0.5,0.62,0.84
740,0.73,0.53,0.69
741,0.56,0.61,0.76
742,0.91,0.61,0.76
743,0.72,0.81,0.82
744,0.75,0.85,0.88
745,0.92,0.5,0.71
746,0.65,0.96,0.67
747,0.98,0.87,0.54
748,0.92,0.73,0.52
749,0.79,0.66,0.81
750,0.75,0.55,0.71
751,0.56,0.54,0.81
752,0.86,0.81,0.86
753,0.96,0.97,0.65
754,0.9,0.92,0.93
755,0.61,0.57,0.51
756,0.97,0.8,0.91
757,0.63,0.85,0.67
758,0.66,0.75,0.67
759,0.64,0.64,0.88
760,0.74,0.62,0.96
761,0.95,0.98,0.76
762,0.61,0.69,0.81
763,0.56,0.56,0.69
764,0.85,0.7,0.99
765,0.51,0.58,0.95
766,0.61,0.81,0.66
767,0.5,0.83,0.86
768,0.91,0.61,0.71
769,0.53,0.9,0.79
770,0.64,0.71,0.67
771,0.99,0.71,0.85
772,0.69,0.95,0.95
773,0.67,0.5,0.89
774,0.71,0.9,0.74
775,0.71,0.78,0.64
776,0.68,0.65,0.67
777,0.72,0.53,0.84
778,0.71,0.74,0.8
779,0.6,0.54,0.86
780,0.54,0.57,0.79
781,0.51,0.93,0.85
782,0.52,0.86,1
783,0.64,0.83,0.64
784,1,0.95,0.8
785,0.78,0.79,0.93
786,0.62,0.69,0.84
787,0.56,0.86,0.75
788,0.62,0.92,0.68
789,0.83,0.77,0.98
790,0.55,0.59,0.9
791,0.59,0.62,0.94
792,0.59,0.7,0.98
793,0.89,0.69,0.92
794,0.65,0.53,0.82
795,0.53,0.73,0.58
796,0.53,0.94,0.95
797,0.87,0.98,0.86
798,0.52,0.99,0.71
799,0.54,0.89,0.5
800,0.67,0.7,0.59
801,0.51,0.59,0.73
802,0.74,0.91,0.82
803,0.87,0.69,0.59
804,0.96,0.73,1
805,0.92,0.91,0.83
806,0.93,0.59,0.69
807,0.59,0.79,0.84
808,0.52,0.68,0.61
809,0.54,0.57,0.64
810,0.72,0.54,0.81
811,0.98,0.71,1
812,0.83,0.63,0.95
813,0.59,0.8,0.82
814,0.77,0.67,0.75
815,0.86,0.92,0.74
816,0.86,0.6,0.57
817,0.89,0.62,0.8
818,0.81,0.58,0.91
819,0.76,1,0.91
820,0.61,0.69,0.83
821,0.68,0.65,0.64
822,0.78,0.99,0.51
823,0.5,0.58,0.78
824,0.89,0.83,0.8
825,0.87,0.83,0.62
826,0.59,0.66,0.77
827,0.87,0.68,0.97
828,0.56,0.83,0.92
829,0.51,0.66,0.63
830,0.59,0.57,0.63
831,0.53,0.99,0.6
832,1,0.58,0.51
833,0.6,0.58,0.94
834,0.73,0.86,0.51
835,0.8,0.5,0.8
836,1,0.94,0.75
837,0.78,0.67,0.84
838,0.64,0.74,0.5
839,0.86,0.61,0.82
840,0.73,0.77,0.82
841,0.89,0.92,0.51
842,0.64,0.85,0.85
843,0.7,0.88,0.74
844,0.6,0.99,0.57
845,0.84,0.64,0.83
846,0.96,0.77,0.83
847,0.62,0.51,0.73
848,0.88,0.81,0.91
849,0.79,0.9,0.74
850,0.59,0.63,0.98
851,0.7,0.88,0.82
852,0.61,0.84,0.94
853,1,0.65,0.65
854,0.95,0.8,0.55
855,0.51,0.67,0.68
856,0.77,0.8,0.59
857,0.68,0.91,0.84
858,0.99,0.6,0.75
859,0.59,0.5,0.6
860,0.61,0.85,0.96
861,0.6,0.6,0.75
862,0.76,0.91,0.61
863,0.76,0.72,0.81
864,0.89,0.96,0.61
865,0.68,0.68,0.72
866,0.67,0.86,0.64
867,0.73,0.52,0.59
868,0.64,0.92,0.72
869,0.63,0.71,0.77
870,0.57,0.52,0.84
871,0.83,0.89,0.81
872,0.7,0.84,0.7
873,0.8,0.76,0.77
874,0.56,0.5,0.57
875,0.79,0.79,0.96
876,0.72,0.81,0.93
877,0.53,0.93,0.64
878,0.97,0.89,0.82
879,0.86,0.97,0.68
880,0.53,0.62,0.69
881,0.85,0.69,0.7
882,0.97,0.55,0.56
883,0.81,0.98,0.84
884,0.51,0.87,0.6
885,0.88,0.66,0.51
886,0.52,0.86,0.63
887,0.76,0.92,0.91
888,0.85,0.53,0.6
889,0.69,0.87,0.5
890,0.99,0.84,0.88
891,0.51,0.77,0.63
892,0.57,0.71,0.82
893,0.87,0.82,0.73
894,0.89,0.92,0.83
895,0.58,0.51,0.55
896,0.53,0.59,0.72
897,0.8,0.84,0.61
898,0.55,0.77,0.71
899,0.78,0.5,0.65
900,0.6,0.78,0.69
901,0.56,0.82,0.64
902,0.97,0.5,0.59
903,0.98,0.8,0.96
904,0.7,0.65,0.53
905,0.9,0.88,1
906,0.57,0.76,0.52
907,0.54,0.65,0.77
908,0.78,0.68,1
909,0.77,0.97,0.5
910,0.92,0.79,0.71
911,0.67,0.77,0.54
912,0.53,0.82,0.59
913,0.69,0.62,0.51
914,0.97,0.56,0.8
915,0.77,0.6,0.69
916,0.57,0.65,0.9
917,0.71,0.71,0.75
918,0.62,0.56,0.62
919,0.92,0.79,0.63
920,0.64,0.69,0.54
921,0.59,0.55,0.5
922,0.74,0.52,0.88
923,0.99,0.87,0.55
924,0.91,0.89,0.63
925,0.51,0.58,0.59
926,0.98,0.51,0.58
927,0.81,0.69,0.81
928,0.61,0.71,0.58
929,0.97,0.54,0.7
930,0.93,0.62,0.53
931,0.96,0.54,0.94
932,0.98,0.87,0.5
933,0.79,0.52,0.58
934,0.81,0.58,0.79
935,0.84,0.8,0.82
936,0.61,0.61,0.99
937,0.52,0.95,0.77
938,0.55,0.84,0.5
939,0.73,0.99,0.85
940,0.93,0.78,0.98
941,0.68,0.56,0.75
942,0.51,0.96,0.85
943,0.7,0.54,0.71
944,0.59,0.69,0.99
945,0.5,0.5,0.6
946,0.52,0.77,0.91
947,0.77,0.85,0.94
948,0.72,0.91,0.67
949,0.76,0.9,0.71
950,0.93,0.74,0.89
951,0.65,0.87,0.75
952,0.6,0.63,0.52
953,0.54,0.83,0.85
954,0.97,0.92,0.57
955,0.78,0.93,0.76
956,0.79,0.55,0.84
957,0.9,0.71,0.71
958,0.95,0.65,0.93
959,0.54,0.96,0.66
960,0.57,0.75,0.55
961,0.63,0.77,0.8
962,0.82,0.95,0.82
963,0.74,0.9,0.87
964,0.58,0.98,0.95
965,0.55,0.8,0.94
966,0.86,0.95,0.98
967,0.92,0.98,0.85
968,0.88,0.53,0.52
969,0.67,0.7,0.71
970,0.82,0.56,0.67
971,0.86,0.98,0.57
972,0.8,0.83,0.64
973,0.77,0.96,0.99
974,0.94,0.55,0.66
975,0.97,0.81,0.74
976,0.77,0.89,0.86
977,1,0.68,0.51
978,0.68,0.65,0.78
979,0.71,0.76,0.73
980,0.78,0.65,0.74
981,0.6,0.92,0.83
982,0.69,0.72,0.5
983,0.87,0.76,0.97
984,0.79,0.59,1
985,1,0.99,0.92
986,0.68,0.92,0.72
987,0.79,0.9,0.81
988,0.86,0.83,0.89
989,0.66,0.68,0.82
990,0.8,0.58,0.57
991,0.92,1,0.81
992,0.74,0.83,0.64
993,0.83,0.77,0.59
994,0.73,0.91,0.63
995,0.89,0.7,0.59
996,0.52,0.69,0.67
997,0.86,0.52,0.85
998,0.5,0.99,0.75
999,0.93,0.75,0.58
1000,0.95,0.53,0.54
1001,0.68,0.57,0.68
1002,0.9,0.88,0.59
1003,0.68,0.76,0.65
1004,0.78,0.86,0.64
1005,0.63,0.55,1
1006,0.68,0.98,0.62
1007,0.8,0.64,1
1008,0.65,0.94,0.55
1009,0.72,0.91,0.51
1010,0.55,0.81,0.58
1011,0.55,0.89,0.73
1012,0.54,0.54,0.84
1013,0.96,0.99,0.83
1014,1,0.84,0.94
1015,0.52,0.57,0.67
1016,0.7,0.88,0.93
1017,0.76,0.74,0.77
1018,0.96,0.65,0.9
1019,0.55,0.53,0.63
1020,0.62,0.67,0.98
1021,0.58,0.63,0.95
1022,0.56,0.73,0.98
1023,0.91,0.58,0.5
1024,0.65,0.73,0.99
1025,0.8,0.81,0.81
1026,0.55,0.62,0.87
1027,0.89,0.52,0.53
1028,0.58,0.8,0.57
1029,0.82,0.59,0.73
1030,0.84,1,0.51
1031,0.7,0.84,0.82
1032,0.85,0.91,0.7
1033,0.99,0.96,0.85
1034,0.7,0.79,0.79
1035,0.92,0.6,0.51
1036,0.78,0.66,0.85
1037,0.59,1,0.91
1038,0.77,0.73,0.65
1039,0.94,0.5,0.84
1040,0.88,0.75,0.63
1041,0.74,0.57,0.59
1042,1,0.96,0.9
1043,0.67,0.95,0.9
1044,0.6,0.57,0.67
1045,0.52,0.68,0.73
1046,0.75,0.66,0.69
1047,0.55,0.53,0.94
1048,0.89,0.75,0.5
1049,0.6,0.94,0.6
1050,0.66,0.92,0.91
1051,0.87,0.61,0.7
1052,0.71,0.96,0.72
1053,0.7,0.92,0.65
1054,0.62,0.61,0.71
1055,0.95,0.99,0.93
1056,0.74,0.74,0.55
1057,0.93,0.69,0.84
1058,0.64,0.82,0.72
1059,0.69,0.86,0.82
1060,0.58,0.9,0.51
1061,0.8,0.51,0.53
1062,1,0.73,0.96
1063,0.97,0.81,0.73
1064,0.5,0.54,0.75
1065,0.54,0.93,0.93
1066,0.73,0.94,0.76
1067,0.58,0.86,0.69
1068,0.54,0.74,0.72
1069,0.56,0.73,0.8
1070,0.99,0.51,0.6
1071,0.9,0.61,0.52
1072,0.64,0.83,0.6
1073,0.67,0.96,0.75
1074,0.97,0.77,0.94
1075,0.83,0.92,0.64
1076,0.59,0.59,0.89
1077,0.8,0.97,0.92
1078,0.55,0.5,0.53
1079,0.82,0.75,0.77
1080,0.82,0.93,0.5
1081,0.66,0.99,0.79
1082,0.62,0.61,0.94
1083,0.72,0.91,0.6
1084,0.83,0.55,0.99
1085,0.51,0.61,0.59
1086,0.76,0.72,0.82
1087,0.57,0.98,0.63
1088,0.91,0.69,0.55
1089,0.69,0.84,0.6
1090,0.99,0.82,0.58
1091,0.83,0.86,0.52
1092,0.74,0.81,0.79
1093,0.65,0.7,0.81
1094,0.71,0.87,0.69
1095,0.79,0.98,0.91
1096,0.94,0.54,0.9
1097,0.95,0.56,0.52
1098,0.95,0.75,0.95
1099,0.88,0.76,0.79
1100,0.74,0.94,0.77
1101,0.84,0.73,0.58
1102,0.52,1,0.7
1103,0.96,0.77,0.8
1104,0.8,0.61,0.52
1105,0.51,0.87,0.61
1106,0.94,0.62,0.72
1107,0.64,0.75,0.8
1108,0.71,0.54,0.76
1109,0.55,0.88,0.61
1110,0.57,0.87,0.55
1111,1,0.91,0.77
1112,0.54,0.88,0.63
1113,0.6,0.76,0.98
1114,0.71,0.99,0.78
1115,0.59,0.65,0.96
1116,0.5,0.94,0.88
1117,0.84,0.95,0.64
1118,0.57,0.59,0.68
1119,0.97,0.62,0.69
1120,0.83,0.97,0.62
1121,0.59,0.88,0.91
1122,0.75,0.8,0.7
1123,0.75,0.98,0.99
1124,0.98,0.83,0.86
1125,0.75,0.94,0.77
1126,0.52,0.61,0.9
1127,0.8,0.55,0.95
1128,0.73,0.74,0.93
1129,0.92,0.93,0.82
1130,0.58,0.57,0.75
1131,0.94,0.77,0.79
1132,0.85,0.62,0.6
1133,0.88,0.85,0.85
1134,0.76,0.75,0.96
1135,0.89,0.86,0.61
1136,0.78,0.83,0.66
1137,0.92,0.95,0.51
1138,0.8,0.52,0.92
1139,0.68,0.86,0.63
1140,0.98,0.83,0.88
1141,0.88,0.66,0.91
1142,0.74,0.54,0.55
1143,0.56,0.9,0.81
1144,0.66,0.64,0.76
1145,0.54,0.54,0.8
1146,1,0.84,0.89
1147,0.81,0.63,0.59
1148,0.65,0.67,0.62
1149,0.74,0.64,0.74
1150,0.88,0.67,0.76
1151,0.97,0.9,0.52
1152,0.97,0.88,0.58
1153,0.54,0.65,0.82
1154,0.55,0.72,0.94
1155,0.85,0.75,0.8
1156,0.75,0.75,0.99
1157,0.61,0.69,0.52
1158,0.75,0.67,0.69
1159,0.79,0.73,1
1160,0.78,0.5,0.9
1161,0.82,0.68,0.72
1162,0.55,0.7,0.75
1163,0.74,0.57,0.67
1164,0.71,0.95,0.69
1165,0.56,0.76,0.92
1166,0.66,0.8,0.93
1167,0.82,0.99,0.89
1168,0.76,0.77,0.99
1169,0.74,0.71,0.73
1170,0.83,0.68,0.65
1171,0.59,0.76,0.65
1172,0.92,0.74,0.53
1173,0.71,0.8,0.54
1174,0.55,0.51,0.67
1175,0.81,0.9,0.74
1176,0.84,0.69,0.91
1177,0.77,0.62,0.93
1178,0.56,0.97,0.52
1179,0.5,0.55,0.92
1180,0.74,0.81,0.99
1181,0.52,0.91,0.9
1182,0.51,0.62,0.68
1183,0.54,0.64,0.52
1184,0.89,0.95,0.5
1185,0.88,0.77,0.97
1186,0.71,0.95,0.87
1187,0.74,0.91,0.52
1188,0.82,0.55,0.56
1189,0.73,0.53,0.8
1190,0.62,0.91,0.69
1191,0.62,0.98,0.99
1192,0.56,0.52,0.61
1193,0.78,0.79,0.78
1194,0.56,0.8,0.54
1195,0.89,0.89,0.67
1196,0.92,0.68,0.69
1197,0.55,0.79,0.6
1198,0.54,1,0.91
1199,0.96,0.71,0.85
1200,0.83,0.79,0.58
1201,0.88,0.92,0.73
1202,0.84,0.76,0.98
1203,0.51,0.82,0.74
1204,0.86,0.94,0.65
1205,0.59,0.68,0.61
1206,0.99,0.93,0.66
1207,0.89,0.81,0.85
1208,0.61,0.57,0.61
1209,0.58,0.57,0.98
1210,0.58,0.6,0.82
1211,0.76,0.95,0.5
1212,0.69,0.68,0.89
1213,0.81,0.55,0.63
1214,0.69,0.91,0.87
1215,0.96,0.69,0.86
1216,0.95,0.96,0.82
1217,0.8,0.98,0.78
1218,0.68,0.95,0.99
1219,0.74,0.77,0.84
1220,0.61,0.75,0.69
1221,0.5,0.94,0.71
1222,0.93,0.6,0.99
1223,0.65,0.9,1
1224,0.72,0.67,0.88
1225,0.53,0.69,0.9
1226,0.98,0.66,0.89
1227,0.76,0.64,0.61
1228,0.65,0.78,0.63
1229,0.54,0.57,0.5
1230,0.51,0.96,0.92
1231,0.54,0.69,0.8
1232,0.94,0.69,0.97
1233,0.66,0.52,0.58
1234,0.88,0.79,0.56
1235,0.83,0.57,0.81
1236,0.91,0.64,0.75
1237,0.59,0.76,0.61
1238,0.96,0.86,0.61
1239,0.57,0.85,0.66
1240,0.58,0.88,0.52
1241,0.99,0.64,0.94
1242,0.57,0.68,0.98
1243,0.57,0.6,0.5
1244,0.93,0.82,0.63
1245,0.8,0.88,0.85
1246,0.55,0.83,0.7
1247,0.83,0.64,0.93
1248,0.75,0.92,0.7
1249,0.8,0.59,0.84
1250,0.69,0.86,0.84
1251,0.81,0.58,0.64
1252,0.56,0.9,0.65
1253,0.63,0.75,0.9
1254,0.83,0.83,0.54
1255,0.75,0.66,0.94
1256,0.99,0.65,0.98
1257,0.77,0.52,0.52
1258,0.96,0.75,0.74
1259,0.6,0.73,0.72
1260,0.73,0.78,0.58
1261,0.64,0.88,0.74
1262,0.66,0.61,0.74
1263,0.99,0.74,0.99
1264,0.7,0.93,0.57
1265,0.81,1,0.81
1266,0.88,1,0.76
1267,0.77,0.82,0.94
1268,0.86,0.93,0.84
1269,0.81,0.86,0.83
1270,0.91,0.96,0.66
1271,0.93,0.9,0.98
1272,0.81,0.68,0.95
1273,0.81,0.58,0.54
1274,0.7,0.5,0.92
1275,0.99,0.57,0.6
1276,0.95,0.65,0.75
1277,0.94,0.72,0.74
1278,0.97,0.97,0.97
1279,0.65,0.78,0.96
1280,0.9,0.86,0.76
1281,0.92,0.58,0.78
1282,0.83,0.77,0.52
1283,0.6,1,0.82
1284,0.86,0.57,0.91
1285,0.71,0.57,0.81
1286,0.51,0.87,0.86
1287,0.74,0.86,0.71
1288,0.57,0.97,0.74
1289,0.93,0.97,0.93
1290,0.51,0.66,0.9
1291,0.99,0.92,0.73
1292,0.79,0.78,0.93
1293,0.64,0.66,0.8
1294,0.57,0.84,0.65
1295,0.94,0.57,0.65
1296,0.83,0.76,0.9
1297,0.65,0.63,0.92
1298,0.6,0.65,1
1299,0.55,0.84,0.61
1300,0.53,0.91,0.81
1301,0.6,0.59,0.84
1302,0.92,0.87,0.65
1303,0.68,0.92,0.79
1304,0.89,0.88,0.71
1305,0.55,0.67,0.51
1306,0.55,0.63,0.9
1307,0.59,0.6,0.71
1308,0.53,0.87,0.52
1309,0.99,0.89,0.76
1310,0.74,0.74,0.95
1311,0.81,0.6,0.76
1312,1,0.97,0.75
1313,0.81,0.52,0.7
1314,1,0.64,0.84
1315,0.61,0.76,0.76
1316,0.7,0.55,0.99
1317,0.98,1,0.7
1318,0.72,0.95,0.81
1319,0.6,0.57,0.73
1320,0.82,0.93,0.99
1321,0.9,0.95,0.68
1322,0.85,0.58,0.77
1323,0.96,0.55,0.7
1324,0.77,0.74,0.61
1325,0.69,0.6,0.96
1326,0.87,0.93,0.6
1327,0.76,0.78,0.83
1328,0.78,0.76,0.74
1329,0.74,0.59,0.66
1330,0.96,0.9,0.9
1331,0.51,1,0.59
1332,0.71,0.59,0.7
1333,0.65,0.77,0.67
1334,1,0.75,1
1335,0.78,0.7,0.76
1336,0.59,0.52,0.85
1337,0.85,0.73,0.64
1338,0.62,0.55,0.65
1339,0.65,0.62,0.68
1340,0.95,0.6,1
1341,0.6,1,0.66
1342,0.81,0.75,0.75
1343,0.52,0.98,0.5
1344,0.75,0.72,0.65
1345,0.94,0.77,0.52
1346,0.83,0.5,0.56
1347,0.98,0.65,0.56
1348,0.82,0.6,0.67
1349,0.75,0.9,0.95
1350,0.94,0.56,0.98
1351,0.51,0.7,0.66
1352,0.68,0.89,0.76
1353,0.84,0.98,0.95
1354,0.51,0.56,0.55
1355,0.84,0.59,0.5
1356,0.99,0.69,0.78
1357,0.62,0.82,0.62
1358,0.62,0.97,0.95
1359,0.93,0.78,0.9
1360,1,0.55,0.86
1361,0.8,0.58,0.92
1362,0.52,0.74,0.52
1363,1,0.75,0.88
1364,0.77,1,0.52
1365,0.61,0.97,0.59
1366,0.5,0.98,0.5
1367,0.66,0.76,0.7
1368,0.66,0.82,0.74
1369,0.86,0.89,0.73
1370,0.71,0.76,0.61
1371,0.86,0.85,0.92
1372,0.59,0.71,0.98
1373,0.63,0.82,0.86
1374,0.99,1,0.95
1375,0.9,0.86,0.83
1376,0.59,0.51,0.5
1377,0.86,0.92,0.81
1378,0.89,0.83,0.79
1379,0.66,0.64,0.77
1380,0.68,0.67,0.85
1381,0.79,0.78,1
1382,0.77,0.91,0.65
1383,0.61,0.51,0.76
1384,0.61,0.87,0.66
1385,0.65,0.68,0.77
1386,0.76,0.76,0.97
1387,0.91,0.77,0.88
1388,0.73,0.85,0.84
1389,0.81,0.98,0.51
1390,0.63,0.94,0.57
1391,0.71,0.96,0.64
1392,0.51,0.7,0.72
1393,0.95,0.63,0.95
1394,0.68,0.99,1
1395,0.74,0.75,0.54
1396,0.64,0.74,0.65
1397,0.52,0.9,0.88
1398,0.81,0.77,0.91
1399,0.97,0.55,0.93
1400,0.65,0.97,0.94
1401,0.63,0.98,0.58
1402,0.69,0.9,0.92
1403,0.51,0.64,0.98
1404,0.55,0.81,0.63
1405,0.51,0.73,0.78
1406,0.88,0.99,0.6
1407,0.79,0.66,0.74
1408,0.87,0.61,0.53
1409,0.69,0.91,0.68
1410,0.74,0.54,0.64
1411,0.79,0.8,0.66
1412,0.51,0.55,0.5
1413,0.91,0.55,0.86
1414,0.63,0.62,0.6
1415,0.67,0.98,0.59
1416,0.74,0.79,0.54
1417,0.62,0.59,0.56
1418,0.83,0.87,0.8
1419,0.7,0.76,0.87
1420,0.55,1,1
1421,0.73,0.78,0.59
1422,0.84,0.76,0.51
1423,0.97,0.5,0.68
1424,0.78,0.97,0.94
1425,0.74,0.66,0.54
1426,0.63,0.7,0.64
1427,0.95,0.96,0.61
1428,0.64,0.62,0.96
1429,0.57,0.97,0.93
1430,0.86,0.81,0.79
1431,0.64,0.86,0.56
1432,0.87,0.9,0.85
1433,0.5,0.83,0.71
1434,0.57,0.77,0.79
1435,0.87,0.85,0.62
1436,0.63,0.58,0.71
1437,0.76,0.56,0.56
1438,0.73,0.6,0.54
1439,0.88,0.59,0.66
1440,0.64,0.77,0.8
1441,0.58,0.61,0.69
1442,0.89,0.64,0.61
1443,0.88,0.88,0.76
1444,0.69,0.63,0.87
1445,0.93,0.87,0.68
1446,0.83,0.78,0.78
1447,0.83,0.94,0.88
1448,0.72,0.59,0.75
1449,0.72,0.92,0.76
1450,0.52,0.99,0.81
1451,0.69,0.86,0.56
1452,0.92,0.99,0.66
1453,0.59,0.98,0.7
1454,0.51,0.76,0.7
1455,0.95,0.57,0.94
1456,0.7,0.8,0.73
1457,0.86,0.54,0.82
1458,0.88,0.82,0.83
1459,0.92,0.87,0.51
1460,0.95,0.66,0.73
1461,0.85,0.86,0.9
1462,0.95,0.5,0.78
1463,0.8,0.5,0.89
1464,0.51,0.74,0.8
1465,0.57,0.82,0.68
1466,0.67,0.77,0.52
1467,0.82,0.52,0.61
1468,0.52,0.66,0.94
1469,1,0.81,0.54
1470,0.74,0.5,0.61
1471,0.65,0.64,0.81
1472,0.98,0.66,0.91
1473,0.81,1,0.56
1474,0.65,0.91,0.8
1475,0.85,0.85,0.81
1476,0.51,0.81,1
1477,0.64,0.74,0.6
1478,0.99,0.63,0.64
1479,0.61,0.82,0.69
1480,0.96,0.96,0.69
1481,0.73,0.55,0.5
1482,0.77,0.86,0.59
1483,1,0.59,0.65
1484,0.78,0.87,0.77
1485,0.96,0.66,0.62
1486,0.82,0.68,0.81
1487,0.63,0.98,1
1488,0.54,0.6,0.76
1489,0.51,0.67,0.51
1490,0.66,0.86,0.84
1491,0.71,0.85,0.54
1492,0.88,0.92,0.86
1493,0.79,0.57,0.99
1494,0.71,0.52,0.72
1495,0.84,0.86,0.88
1496,0.83,0.53,0.98
1497,0.52,0.8,0.64
1498,0.88,0.83,0.99
1499,0.7,0.69,0.95
1500,0.74,0.75,0.69
1501,0.58,0.83,0.73
1502,0.82,0.56,0.51
1503,0.73,0.58,0.74
1504,0.76,0.52,0.6
1505,0.83,0.92,0.96
1506,0.78,0.7,0.74
1507,0.89,0.68,0.64
1508,0.53,0.64,0.55
1509,0.7,0.83,0.52
1510,0.56,0.67,0.73
1511,0.91,0.55,0.83
1512,0.8,0.62,0.69
1513,0.99,0.52,0.8
1514,0.87,0.6,0.95
1515,0.74,0.76,0.78
1516,0.53,0.55,0.92
1517,0.52,0.92,1
1518,0.7,0.86,0.57
1519,0.55,0.55,0.68
1520,0.67,0.61,0.73
1521,0.99,0.67,0.91
1522,0.5,0.86,0.97
1523,0.78,0.52,0.79
1524,0.76,0.79,0.67
1525,0.95,0.51,0.57
1526,0.69,0.8,0.88
1527,0.78,0.67,0.78
1528,0.6,0.53,0.75
1529,0.74,0.7,0.7
1530,0.76,0.74,0.57
1531,0.51,0.81,0.92
1532,0.56,0.88,0.94
1533,0.53,0.73,0.91
1534,0.82,0.75,0.52
1535,0.62,0.77,0.63
1536,0.82,0.76,0.84
1537,1,0.86,0.75
1538,0.81,0.9,0.95
1539,0.96,0.89,0.63
1540,0.65,0.77,0.65
1541,0.77,0.52,0.78
1542,0.72,0.75,0.99
1543,0.76,0.89,0.64
1544,0.64,0.65,0.57
1545,0.98,0.97,0.92
1546,0.75,0.99,0.77
1547,0.62,0.92,0.95
1548,0.86,0.77,0.89
1549,0.83,0.7,0.92
1550,0.97,0.6,1
1551,0.8,0.88,0.96
1552,0.75,0.54,0.73
1553,0.75,0.91,0.51
1554,0.64,0.56,0.88
1555,0.7,0.85,0.71
1556,0.67,0.83,0.94
1557,0.53,0.71,0.9
1558,0.87,0.53,0.85
1559,0.71,0.91,0.76
1560,0.9,0.89,0.54
1561,0.56,0.79,0.78
1562,0.64,0.84,0.77
1563,0.61,0.72,0.92
1564,0.68,1,0.58
1565,0.75,0.98,0.86
1566,0.56,0.66,0.92
1567,0.67,0.65,0.88
1568,0.99,0.94,0.9
1569,0.59,0.94,0.85
1570,0.61,0.54,0.63
1571,0.98,0.85,0.51
1572,0.98,0.58,0.77
1573,0.59,0.55,0.5
1574,0.94,0.56,0.61
1575,0.51,0.85,0.71
1576,0.82,0.62,0.55
1577,0.99,0.64,0.75
1578,0.84,0.72,0.74
1579,0.67,0.58,0.85
1580,0.89,0.54,0.91
1581,0.92,0.5,0.68
1582,0.78,0.71,0.65
1583,0.56,0.77,0.9
1584,0.58,0.98,0.6
1585,0.91,0.74,0.59
1586,0.76,0.97,0.58
1587,0.68,0.78,0.81
1588,0.8,0.62,0.91
1589,0.89,0.63,0.62
1590,0.77,0.81,1
1591,0.92,0.71,0.5
1592,0.6,0.51,0.55
1593,0.94,0.74,0.64
1594,0.55,0.75,0.85
1595,0.65,0.9,0.67
1596,0.65,0.94,0.99
1597,0.65,0.91,0.62
1598,0.76,0.7,0.77
1599,0.59,0.62,0.88
1600,0.77,0.9,0.57
1601,0.53,0.8,0.97
1602,0.91,0.67,0.76
1603,0.59,0.81,0.72
1604,0.53,0.83,0.73
1605,0.95,0.62,0.53
1606,0.97,0.65,0.72
1607,0.74,0.73,0.7
1608,0.63,0.62,0.9
1609,0.88,0.66,0.5
1610,0.74,0.5,0.9
1611,0.68,0.66,0.84
1612,0.56,0.52,0.96
1613,0.89,0.75,0.73
1614,0.91,0.55,0.62
1615,0.76,0.62,0.57
1616,0.89,0.82,0.58
1617,0.73,0.63,0.97
1618,0.66,0.53,0.66
1619,0.88,0.9,0.67
1620,0.56,0.52,0.51
1621,0.76,0.85,0.8
1622,0.83,0.86,0.67
1623,0.89,0.88,0.6
1624,0.58,0.58,0.9
1625,0.99,0.83,0.67
1626,0.57,0.88,1
1627,0.83,0.99,0.84
1628,0.93,0.5,0.88
1629,0.93,0.51,0.62
1630,0.67,0.69,0.63
1631,0.78,0.82,0.72
1632,0.72,0.65,0.7
1633,0.83,0.94,0.77
1634,0.9,1,0.94
1635,0.99,0.65,0.55
1636,0.56,0.67,0.71
1637,0.99,0.8,0.52
1638,0.68,0.74,0.54
1639,0.67,0.83,0.85
1640,0.92,0.9,0.84
1641,0.55,0.72,0.69
1642,0.97,0.8,0.76
1643,0.68,0.76,0.68
1644,0.98,0.75,0.95
1645,0.73,0.93,0.99
1646,0.9,0.95,0.85
1647,0.83,0.86,0.84
1648,0.91,0.68,0.9
1649,0.61,0.6,0.58
1650,0.68,0.55,0.82
1651,0.86,0.91,0.53
1652,0.93,0.85,0.78
1653,0.75,0.51,0.85
1654,0.79,0.89,0.92
1655,0.53,0.51,0.55
1656,0.57,0.95,0.81
1657,0.55,0.77,0.88
1658,1,0.59,0.53
1659,1,0.64,0.53
1660,0.79,0.86,0.7
1661,0.68,1,0.71
1662,0.86,0.61,0.84
1663,0.92,0.8,0.57
1664,0.7,0.65,0.94
1665,1,0.54,0.98
1666,0.93,0.88,0.67
1667,0.84,0.53,0.65
1668,0.77,0.63,0.78
1669,0.95,0.86,0.82
1670,1,0.94,0.71
1671,0.75,0.96,0.65
1672,0.64,0.6,0.89
1673,0.7,0.67,0.9
1674,0.72,0.66,0.65
1675,0.74,0.85,0.62
1676,0.95,1,0.54
1677,0.56,0.57,0.76
1678,0.86,0.96,0.83
1679,0.55,0.92,0.87
1680,0.93,0.91,0.75
1681,0.51,0.92,0.87
1682,0.87,0.96,0.69
1683,0.78,0.85,0.94
1684,0.58,0.72,0.71
1685,0.77,0.62,0.87
1686,1,0.53,0.78
1687,0.66,1,0.86
1688,0.77,0.93,0.86
1689,0.95,0.89,0.5
1690,0.83,0.59,0.69
1691,0.51,0.78,0.76
1692,0.64,0.71,0.75
1693,0.79,0.87,0.9
1694,0.93,0.66,0.64
1695,0.61,0.98,0.85
1696,0.55,0.59,0.83
1697,0.97,0.55,0.89
1698,0.59,0.76,0.92
1699,0.9,0.74,0.99
1700,0.5,0.92,0.56
1701,0.68,0.96,0.76
1702,0.74,0.57,0.95
1703,0.95,0.62,0.92
1704,0.62,0.71,0.66
1705,0.88,0.74,0.84
1706,0.71,0.66,0.96
1707,0.5,0.9,0.8
1708,0.68,0.86,0.53
1709,0.81,0.93,0.51
1710,0.85,0.75,0.97
1711,0.76,0.78,0.95
1712,0.84,0.74,0.7
1713,0.89,0.87,0.91
1714,0.91,0.61,0.97
1715,0.92,0.84,0.85
1716,0.72,0.71,0.52
1717,0.57,0.68,0.57
1718,0.53,1,0.52
1719,0.76,0.5,0.59
1720,0.73,0.94,0.64
1721,0.93,0.59,0.87
1722,0.95,0.86,0.94
1723,0.71,0.54,1
1724,0.63,0.83,0.8
1725,0.55,0.6,0.78
1726,0.83,0.76,0.51
1727,0.68,0.58,0.71
1728,0.99,0.78,0.57
1729,0.89,0.72,0.78
1730,0.93,0.57,0.73
1731,0.6,0.65,0.93
1732,0.76,0.99,0.52
1733,0.6,0.97,0.99
1734,0.92,0.51,0.66
1735,0.53,0.94,0.85
1736,0.78,0.99,0.9
1737,0.74,0.94,0.75
1738,0.57,0.54,0.86
1739,0.94,0.94,0.81
1740,0.79,0.55,0.64
1741,0.65,0.78,0.98
1742,0.76,0.53,0.67
1743,0.87,0.8,0.62
1744,0.76,0.73,0.8
1745,0.53,0.77,0.56
1746,0.55,0.96,0.84
1747,0.73,0.61,0.74
1748,0.89,0.69,0.64
1749,0.99,0.52,0.61
1750,0.57,0.83,0.54
1751,0.71,0.81,0.91
1752,0.85,0.76,0.73
1753,0.69,0.77,0.91
1754,0.67,0.92,0.69
1755,0.78,0.98,0.7
1756,0.95,0.54,0.77
1757,0.79,0.88,0.99
1758,0.98,0.56,0.95
1759,0.9,0.76,0.59
1760,0.83,0.77,0.5
1761,0.56,0.79,0.98
1762,0.57,0.55,0.92
1763,0.89,0.69,0.5
1764,0.84,0.86,0.68
1765,0.94,0.55,0.69
1766,0.55,0.61,0.71
1767,0.94,0.54,0.99
1768,0.84,0.79,0.95
1769,0.55,0.73,0.74
1770,0.97,0.95,1
1771,0.64,0.86,0.5
1772,0.9,0.6,0.62
1773,0.71,0.7,0.92
1774,0.79,0.56,0.85
1775,0.76,0.96,0.52
1776,0.8,0.53,0.51
1777,0.75,0.84,0.65
1778,0.89,0.9,0.73
1779,0.52,0.73,0.5
1780,0.53,0.52,0.83
1781,0.68,0.93,0.75
1782,0.51,0.7,1
1783,0.68,0.54,0.95
1784,0.56,0.84,0.91
1785,0.8,0.65,0.98
1786,0.64,0.57,0.83
1787,0.92,0.75,0.7
1788,0.73,0.71,0.6
1789,0.84,0.76,0.97
1790,0.77,0.88,0.88
1791,0.62,0.68,0.68
1792,0.59,0.61,0.64
1793,0.59,0.75,0.76
1794,0.52,0.62,1
1795,0.56,0.68,0.5
1796,0.75,0.58,0.75
1797,0.75,0.89,0.66
1798,0.67,0.61,0.77
1799,0.62,0.95,0.71
1800,0.64,0.67,0.95
1801,0.53,0.91,0.66
1802,0.57,0.95,0.65
1803,0.73,0.7,0.53
1804,0.84,0.54,0.82
1805,0.57,0.9,0.63
1806,0.7,0.67,0.52
1807,0.6,0.59,0.67
1808,0.72,0.51,1
1809,0.72,0.95,0.57
1810,0.92,0.97,0.66
1811,0.93,0.96,0.58
1812,0.82,1,0.72
1813,0.83,0.99,0.74
1814,0.85,0.51,0.89
1815,0.71,0.91,0.84
1816,0.84,0.6,0.72
1817,0.63,0.93,0.78
1818,0.68,0.54,0.57
1819,0.77,0.82,0.89
1820,0.67,0.86,1
1821,0.58,0.82,0.74
1822,0.88,0.91,0.58
1823,0.73,0.76,0.9
1824,0.91,0.88,0.68
1825,0.79,0.75,0.58
1826,0.78,0.5,0.61
1827,0.65,0.88,0.85
1828,0.86,0.78,0.54
1829,0.89,0.75,0.92
1830,0.51,0.54,0.67
1831,0.83,0.65,0.62
1832,0.74,0.77,0.7
1833,0.65,0.83,0.5
1834,0.75,0.61,0.85
1835,0.82,0.73,0.54
1836,0.59,0.89,0.79
1837,0.99,1,0.81
1838,0.78,0.52,0.99
1839,0.65,0.72,0.54
1840,0.69,0.99,0.66
1841,0.67,0.71,0.71
1842,0.72,0.58,0.72
1843,0.56,0.54,0.99
1844,0.89,0.63,0.67
1845,0.6,0.9,0.77
1846,1,0.53,0.55
1847,1,0.8,0.86
1848,0.62,0.52,0.55
1849,0.87,0.55,0.63
1850,0.64,0.59,0.54
1851,0.65,0.96,0.85
1852,0.84,0.58,0.9
1853,0.63,0.59,0.64
1854,0.83,0.53,0.85
1855,0.8,0.6,0.86
1856,0.63,0.67,0.62
1857,0.72,0.65,0.69
1858,0.99,0.69,0.69
1859,0.8,0.54,0.69
1860,0.66,0.86,0.52
1861,0.59,0.92,0.96
1862,0.95,0.73,0.68
1863,0.83,0.77,0.82
1864,0.87,0.87,0.94
1865,0.91,0.67,0.76
1866,0.51,0.83,0.93
1867,0.7,0.73,0.88
1868,0.5,0.93,0.94
1869,0.85,0.67,0.76
1870,0.65,0.54,0.53
1871,0.71,0.98,0.74
1872,0.62,0.73,0.61
1873,0.89,0.86,0.88
1874,0.67,0.8,0.91
1875,0.81,0.85,0.79
1876,0.75,0.58,0.52
1877,0.93,0.79,0.72
1878,0.76,0.97,0.62
1879,0.65,0.59,1
1880,0.52,0.59,0.56
1881,0.93,0.68,0.73
1882,0.79,0.66,0.89
1883,0.7,0.79,0.94
1884,0.65,0.62,0.97
1885,0.55,0.52,0.94
1886,0.98,0.69,0.58
1887,0.64,0.6,0.58
1888,0.73,0.72,0.75
1889,0.81,0.95,0.51
1890,0.62,0.98,0.64
1891,0.62,0.87,0.76
1892,0.82,0.75,0.62
1893,0.68,0.52,0.68
1894,0.91,0.55,0.8
1895,0.58,0.78,0.66
1896,0.75,0.71,0.94
1897,0.69,0.67,0.9
1898,0.91,0.88,0.99
1899,0.98,0.69,0.97
1900,0.98,0.98,0.72
1901,0.88,0.58,0.82
1902,0.8,0.52,0.76
1903,0.71,0.73,0.77
1904,0.82,0.8,0.67
1905,0.9,0.74,0.55
1906,0.79,0.65,0.94
1907,0.59,0.55,0.73
1908,0.57,0.94,0.8
1909,0.74,0.71,1
1910,0.78,0.84,0.56
1911,0.65,0.7,0.54
1912,0.97,0.52,0.98
1913,0.98,0.78,0.76
1914,0.91,0.54,0.98
1915,0.66,0.88,0.88
1916,0.73,0.51,0.63
1917,0.94,0.69,0.53
1918,0.52,0.89,0.93
1919,0.99,0.8,0.64
1920,0.51,0.55,0.81
1921,0.76,0.93,0.9
1922,0.71,0.66,0.59
1923,0.63,0.94,0.71
1924,0.58,0.81,0.87
1925,0.68,0.68,0.5
1926,0.76,0.92,0.56
1927,0.93,0.51,0.7
1928,0.86,0.84,0.65
1929,0.52,0.62,0.82
1930,0.62,0.98,0.73
1931,0.83,0.97,0.72
1932,0.95,0.64,0.61
1933,0.58,0.96,0.71
1934,0.78,0.6,0.57
1935,0.92,0.86,0.88
1936,0.66,0.85,0.7
1937,0.92,0.73,0.88
1938,0.58,0.59,0.54
1939,0.61,0.9,0.59
1940,0.74,0.68,0.53
1941,0.78,0.5,0.96
1942,0.99,0.76,0.85
1943,0.64,0.73,0.53
1944,0.9,0.67,0.97
1945,0.85,0.65,0.92
1946,0.62,0.95,0.99
1947,0.77,0.87,0.78
1948,0.61,0.7,0.75
1949,0.85,0.74,0.88
1950,0.68,0.84,0.75
1951,0.52,0.84,0.77
1952,0.68,1,0.59
1953,0.62,0.94,0.6
1954,0.53,0.52,0.61
1955,0.66,0.52,0.55
1956,0.92,0.74,0.94
1957,0.63,0.99,0.96
1958,0.6,0.97,0.82
1959,0.75,0.66,0.8
1960,0.71,0.63,0.51
1961,0.98,0.97,0.9
1962,0.79,0.87,0.84
1963,0.69,0.67,0.65
1964,0.82,0.5,0.51
1965,0.89,0.74,0.85
1966,0.66,0.96,0.68
1967,0.69,0.93,1
1968,0.94,0.55,0.85
1969,0.79,0.92,0.87
1970,0.96,0.93,0.84
1971,0.79,0.92,0.8
1972,0.58,0.56,0.55
1973,0.72,0.87,0.65
1974,0.72,0.73,0.57
1975,0.79,0.81,0.99
1976,0.95,0.72,0.73
1977,0.98,0.59,0.71
1978,0.61,0.51,0.71
1979,0.52,0.53,0.92
1980,0.54,1,0.95
1981,0.97,0.73,0.74
1982,0.82,0.53,0.58
1983,0.71,0.8,0.68
1984,0.79,0.94,0.58
1985,0.53,0.98,0.69
1986,0.93,0.65,0.74
1987,0.86,0.85,0.7
1988,0.64,0.99,0.83
1989,0.62,0.67,0.9
1990,0.58,0.56,0.52
1991,0.63,0.67,0.87
1992,0.7,0.75,0.5
1993,0.83,0.97,0.78
1994,0.9,0.73,0.92
1995,0.55,0.68,0.65
1996,0.63,0.58,0.54
1997,0.51,0.59,0.89
1998,0.67,0.68,0.65
1999,0.75,0.83,0.75
